cultura,apolices_contratadas,total_segurado_mil,soma_premio_total_mil,total_subvencao_mil,valor_indenizacoes_pagas_mil,sinistralidade_media,taxa_media,apolices_indenizadas,mun,ano
Alface,3.0,139850.0,4894.75,1468.4299999999998,0.0,0.0,0.07,0.0,7057509,2006
Algodão,36.0,15585533.23,640784.8599999999,319899.13,0.0,0.0,1.3370000000000002,0.0,56059676,2006
Ameixa,72.0,2820391.0900000003,360460.06000000006,108138.05999999998,153064.49,17.86,4.416,15.0,129256407,2006
Amendoim,5.0,185563.46,15366.93,4610.08,0.0,0.0,0.134,0.0,7074413,2006
Arroz,3.0,199880.83000000002,7731.64,3865.83,0.0,0.0,0.11300000000000002,0.0,11242668,2006
Batata,2.0,471000.0,18444.45,5533.33,0.0,0.0,0.08399999999999999,0.0,7378607,2006
Beterraba,1.0,11700.0,459.98,137.99,0.0,0.0,0.039,0.0,3537800,2006
Cana-de-açúcar,68.0,9832670.790000001,98367.23999999999,29510.199999999997,0.0,0.0,0.3880000000000001,0.0,103360110,2006
Caqui,173.0,9612702.72,1261510.0999999999,378453.1699999999,1098925.03,46.61000000000001,8.78,36.0,191817682,2006
Cebola,19.0,729758.25,28013.670000000002,8404.099999999999,0.0,0.0,0.116,0.0,11740517,2006
Feijão,8.0,397736.05,14437.769999999999,8662.64,886.09,0.95,0.17900000000000002,1.0,18244536,2006
Floresta,15.0,1387726646.76,2438263.77,128431.23,0.0,0.0,0.101,0.0,33286654,2006
Goiaba,4.0,196200.0,19233.84,5770.16,6723.18,2.41,0.30600000000000005,1.0,10580616,2006
Kiwi,9.0,489200.0,30810.709999999995,9243.22,880.86,0.5,0.497,1.0,33905709,2006
Maçã,703.0,158405710.11,13191202.680000003,5140265.140000001,16551623.12,94.68,7.719000000000004,148.0,383204674,2006
Milho 1ª safra,268.0,6603276.610000001,285456.23000000004,142728.56000000008,0.0,0.0,4.391999999999998,0.0,347586012,2006
Nectarina,6.0,110474.7,10963.15,3288.96,0.0,0.0,0.42900000000000005,0.0,17438870,2006
Pecuário,93.0,12542339.6,350026.87,105008.10999999999,283627.7,61.78999999999999,1.804999999999999,21.0,188916832,2006
Pimentão,3.0,28295.0,1247.86,374.36,0.0,0.0,0.063,0.0,3519709,2006
Pêra,5.0,175102.05,15049.93,4514.98,59983.79,5.99,0.354,1.0,17344234,2006
Pêssego,127.0,5151830.1899999995,446055.5800000001,133816.75,62650.36,4.38,3.1069999999999984,4.0,128277554,2006
Repolho,2.0,50197.5,1816.44,544.93,0.0,0.0,0.037000000000000005,0.0,3537800,2006
Soja,18024.0,1139131922.719998,44267713.93000007,22133867.94000003,1326926.79,592.95,37.830999999999975,60.0,3702992202,2006
Tomate,70.0,13293222.49,649095.7699999999,194728.78000000003,221054.08000000002,17.229999999999997,1.4020000000000004,6.0,106085270,2006
Uva,2017.0,93270513.41,5026258.12,2010503.1400000006,933440.2500000001,111.09000000000002,9.708000000000002,95.0,573134208,2006
Alface,6.0,178924.62,6451.969999999999,2580.78,0.0,0.0,0.10800000000000001,0.0,12357617,2007
Algodão,3.0,972811.8099999999,81781.06,40890.54,0.0,0.0,2.22,0.0,11137415,2007
Alho,24.0,3430632.0,175458.68,70183.48000000001,345579.69999999995,18.130000000000003,0.7650000000000002,5.0,63848192,2007
Ameixa,261.0,14778954.049999999,1673370.320000001,669348.1499999999,1620752.43,132.79999999999998,9.933000000000002,70.0,361747033,2007
Amendoim,1.0,169632.0,7548.4,3019.36,0.0,0.0,0.044000000000000004,0.0,3543402,2007
Arroz,57.0,4655845.84,165185.85000000006,82592.95000000003,36482.74,18.04,0.4800000000000002,4.0,54080533,2007
Batata,4.0,1096496.75,38560.74,15424.3,2613.6,0.08,0.07200000000000001,1.0,6689816,2007
Beterraba,1.0,24600.0,984.0,393.6,0.0,0.0,0.04,0.0,3537800,2007
Café,22.0,2101658.1399999997,45705.87,18282.350000000002,0.0,0.0,0.41900000000000004,0.0,53932849,2007
Cana-de-açúcar,320.0,79953256.97,701413.8699999995,280352.88999999996,177524.73,99.59,1.1569999999999994,1.0,469507918,2007
Caqui,237.0,15231845.639999999,1767087.2199999993,706363.07,3010427.1099999994,105.85999999999999,7.919000000000003,94.0,282321685,2007
Cebola,519.0,30031569.90000001,1287082.64,514833.02,2620891.9,64.85,2.1399999999999997,187.0,181043159,2007
Cevada,2.0,58500.0,2158.65,1079.33,0.0,0.0,0.037000000000000005,0.0,3535804,2007
Feijão,27.0,3398769.4799999995,120287.64000000003,72172.57999999999,0.0,0.0,0.273,0.0,30685936,2007
Figo,4.0,1009900.0,87053.37999999999,34821.34,0.0,0.0,0.172,0.0,7084007,2007
Floresta,95.0,142760090.28,2190122.41,479530.36000000004,20472.38,9.08,0.9210000000000006,6.0,212421657,2007
Goiaba,11.0,847522.52,78553.3,31421.33,51467.15,13.57,0.57,3.0,21185525,2007
Kiwi,14.0,699905.08,43556.509999999995,17422.600000000002,4447.68,8.02,0.613,1.0,42507675,2007
Maçã,1291.0,280333163.01,23279461.580000002,10895406.749999998,15306950.310000002,137.27,11.434999999999999,433.0,582340311,2007
Milho 1ª safra,4583.0,352370585.0799999,13890476.139999993,6945238.99,532921.97,290.62,33.32000000000009,22.0,3045486943,2007
Milho 2ª safra,469.0,18659483.399999995,2165357.6700000004,1299214.6700000002,114711.63,45.92,11.563000000000004,6.0,333305483,2007
Morango,1.0,127500.0,5380.45,2152.18,0.0,0.0,0.042,0.0,4119400,2007
Nectarina,36.0,1032364.3900000001,115186.80000000002,46074.72000000001,19769.78,8.64,2.0420000000000003,5.0,79168405,2007
Pecuário,251.0,57310543.14000001,1765811.56,528149.45,2170382.6399999997,219.48999999999995,4.8089999999999975,43.0,512590769,2007
Pepino,3.0,14955.0,759.72,303.89,346.71,1.73,0.193,1.0,10914808,2007
Pimentão,16.0,626735.38,47464.12000000001,18985.660000000003,67636.14,15.290000000000001,0.962,4.0,55858696,2007
Pêra,12.0,989765.5599999999,106792.16,42242.85,324962.75999999995,7.470000000000001,0.671,4.0,34512158,2007
Pêssego,361.0,18631664.729999997,1442489.62,576486.7999999998,686598.1799999999,54.99,7.417000000000009,61.0,338087355,2007
Repolho,4.0,81800.0,2975.67,1190.27,0.0,0.0,0.07300000000000001,0.0,7057509,2007
Soja,17489.0,1243848957.4000003,54354443.31,27168979.379999984,3004285.849999999,1377.32,58.945999999999685,124.0,5012185274,2007
Tomate,266.0,39287938.05,2243461.1399999997,897384.4600000003,1825592.99,130.41,195.5,43.0,386572306,2007
Trigo,988.0,46659290.69,6272432.620000003,3763460.259999999,792393.8200000001,74.39000000000001,43.74000000000002,41.0,1202700149,2007
Uva,3742.0,252357598.12000012,9520445.349999994,4754364.749999995,8760878.97,378.7,12.771999999999991,721.0,1017359710,2007
Alface,8.0,276846.56,10394.580000000002,4157.83,0.0,0.0,0.186,0.0,17925315,2008
Algodão,261.0,95095436.30000001,5281135.2,2637155.89,141000.0,12.72,4.408000000000001,1.0,191089558,2008
Alho,47.0,6522885.68,335461.0,134184.39999999997,187402.35,27.51,1.2790000000000001,8.0,106663781,2008
Ameixa,352.0,20327709.650000002,2234947.69,885365.8899999999,2144767.1599999997,181.89,14.396,129.0,503537487,2008
Amendoim,5.0,473210.31,22610.14,9044.05,0.0,0.0,0.093,0.0,7060008,2008
Arroz,4137.0,548136113.47,12449986.139999999,6225002.82,2096088.4999999998,395.42999999999995,6.953999999999999,40.0,910221185,2008
Batata,6.0,2605250.0,101771.47999999998,40708.59,0.0,0.0,0.25299999999999995,0.0,20775342,2008
Berinjela,1.0,83980.8,3543.99,1417.6,0.0,0.0,0.042,0.0,3557303,2008
Beterraba,2.0,29150.0,1357.3200000000002,542.9300000000001,0.0,0.0,0.095,0.0,7746300,2008
Café,113.0,24912557.59,329906.3300000001,131962.51999999996,30384.940000000002,41.51,0.9380000000000005,3.0,156973387,2008
Cana-de-açúcar,1678.0,348283901.2000003,3266585.0900000026,1306634.1099999985,405906.12000000005,153.61999999999998,5.3229999999999915,12.0,1779480279,2008
Canola,2.0,158912.0,6451.76,3225.88,0.0,0.0,0.040999999999999995,0.0,4319158,2008
Caqui,398.0,31097742.57999999,3720948.109999999,1488379.2500000002,4221469.390000001,127.65000000000003,12.286999999999999,127.0,407054866,2008
Cebola,1497.0,107504280.59,4761602.75,1904641.3900000004,1586301.9699999997,80.37,3.861999999999999,139.0,325662386,2008
Cenoura,1.0,36000.0,1519.2,607.68,0.0,0.0,0.042,0.0,3537800,2008
Cevada,15.0,1600946.3800000001,57528.53999999999,28764.300000000003,0.0,0.0,0.22000000000000003,0.0,24800374,2008
Feijão,136.0,24283491.239999995,919881.7699999999,551929.06,148093.6,32.03,1.7229999999999994,4.0,159813906,2008
Figo,24.0,3279318.8,288313.08,115325.24,38545.47,11.08,0.8309999999999997,2.0,36548522,2008
Floresta,203.0,255039244.32,5013156.819999999,978086.78,1242867.8499999999,88.93,1.7279999999999989,13.0,405823388,2008
Girassol,4.0,663600.0,26941.88,10776.76,0.0,0.0,0.08199999999999999,0.0,8638061,2008
Goiaba,59.0,2481307.19,224111.98999999996,89644.81000000001,456836.73000000004,38.54,1.0759999999999998,27.0,42353040,2008
Kiwi,14.0,674425.55,41920.94,15978.920000000002,7092.55,5.470000000000001,0.6240000000000001,2.0,41729420,2008
Laranja,208.0,43623125.70999999,2502239.11,1000895.5899999996,10414.53,9.67,4.543000000000001,1.0,273392375,2008
Limão,9.0,418218.0,27418.4,10967.36,0.0,0.0,0.516,0.0,28251444,2008
Maçã,1748.0,347840126.8500001,30274198.949999996,14466036.769999998,27757846.040000003,211.21,15.26800000000001,643.0,778323385,2008
Milho 1ª safra,9833.0,1180848768.6499987,55453781.37000007,27707408.04999995,30414445.469999988,2906.800000000001,97.76399999999914,1301.0,6586477237,2008
Milho 2ª safra,921.0,49250930.83000001,5874443.649999999,3510470.789999999,2597056.3299999996,134.60999999999999,27.945000000000018,141.0,834291034,2008
Morango,12.0,794420.0,47664.75,19065.9,0.0,0.0,0.24,0.0,15854413,2008
Nectarina,52.0,1678008.06,195007.34,78002.93,59075.119999999995,25.78,3.2600000000000002,11.0,126140337,2008
Pecuário,176.0,47066789.58,1405190.3400000003,402458.30000000005,1370806.56,107.81,2.876999999999999,45.0,311159764,2008
Pepino,13.0,78618.0,3903.7799999999997,1561.53,0.0,0.0,0.193,0.0,16137613,2008
Pimentão,62.0,2310932.93,142026.17000000004,56810.51000000001,97522.55,6.1,2.0010000000000003,4.0,129377051,2008
Pêra,23.0,2058347.39,206018.66999999998,79411.70000000001,62692.78,14.179999999999998,1.711,5.0,85846431,2008
Pêssego,534.0,28809074.590000007,2205106.02,882042.3900000001,2248190.3600000003,134.43999999999994,11.935000000000013,134.0,521600419,2008
Repolho,2.0,127800.0,4715.82,1886.33,0.0,0.0,0.037000000000000005,0.0,3537800,2008
Soja,28414.0,3101282669.8199983,138797074.28999993,69334319.14000008,110136786.69000018,4091.289999999999,133.71299999999994,4485.0,9289388507,2008
Tangerina,31.0,2915583.36,169588.44,67835.36,307675.33,20.05,0.8380000000000001,7.0,49406569,2008
Tomate,1078.0,155763081.51999995,8297452.000000002,3288758.8400000017,10902163.669999998,303.5400000000001,12.184000000000012,136.0,837399970,2008
Trigo,2252.0,229116939.2500001,18294146.169999994,10925401.630000003,3088790.249999999,276.3999999999999,66.05099999999996,104.0,2471783974,2008
Uva,5376.0,495400512.2,15052379.52999999,7526179.739999997,17474903.300000004,593.4899999999999,20.261000000000017,1101.0,1524584324,2008
Vagem,4.0,77140.0,3581.75,1432.7,0.0,0.0,0.138,0.0,10554213,2008
Abobrinha,3.0,120216.0,5437.25,2174.9,0.0,0.0,0.136,0.0,10903219,2009
Alface,14.0,643106.72,27043.22,10817.29,0.0,0.0,0.17,0.0,13334024,2009
Algodão,251.0,109526196.45,5238429.1899999995,2619215.110000001,229251.95,7.18,2.4980000000000007,1.0,215564151,2009
Alho,66.0,9015965.8,465068.18,186027.28,1259110.23,46.370000000000005,1.5679999999999996,29.0,128300574,2009
Ameixa,660.0,34823857.970000006,4509615.529999999,2703171.870000001,3774497.2200000007,153.01,22.799999999999976,177.0,706610927,2009
Arroz,4117.0,676412803.5699999,16124839.589999996,8062307.270000002,25219889.210000005,1632.5300000000002,8.375999999999975,369.0,1295130816,2009
Atemoia,8.0,440760.0,37075.1,14830.039999999999,0.0,0.0,0.57,0.0,24741635,2009
Aveia,3.0,140100.0,6256.799999999999,3754.08,46429.65,9.24,0.09,2.0,8616568,2009
Batata,15.0,4976307.0,210950.25999999998,84380.1,135396.75,7.62,0.4279999999999999,2.0,34605521,2009
Berinjela,6.0,270936.45,12777.849999999999,5111.14,0.0,0.0,0.30699999999999994,0.0,14126321,2009
Beterraba,11.0,438325.0,22778.71,9111.49,42431.25,13.700000000000001,0.368,2.0,27805162,2009
Café,890.0,274263344.8000001,4170378.68,1668151.38,572739.38,74.59000000000002,4.810999999999999,15.0,661702400,2009
Cana-de-açúcar,1077.0,216376187.89999998,2610136.350000001,1044054.5599999999,1318866.35,534.15,4.038,17.0,1198426496,2009
Canola,12.0,753300.0,26365.5,15819.3,0.0,0.0,0.31500000000000006,0.0,38822785,2009
Caqui,582.0,54930488.73,6749825.639999999,4044854.3600000003,4911931.1499999985,116.70000000000002,18.670999999999996,132.0,550265987,2009
Cebola,1728.0,140226172.4,5508364.8500000015,2203346.1199999996,1778781.52,127.10999999999996,5.311999999999992,162.0,517254372,2009
Cenoura,2.0,599310.0,30982.940000000002,12393.18,0.0,0.0,0.108,0.0,7753305,2009
Cevada,55.0,5131131.88,206624.57000000004,123974.74999999999,109078.79999999999,34.63,1.4300000000000004,9.0,142538075,2009
Chuchu,16.0,372100.0,15887.76,6355.11,8835.33,2.82,0.16999999999999998,2.0,13739578,2009
Couve-flor,2.0,19040.0,1095.36,438.14000000000004,0.0,0.0,0.11599999999999999,0.0,8406814,2009
Feijão,552.0,101593469.85,3951088.2900000014,2764388.0799999996,645043.7899999999,118.03000000000002,4.415,20.0,425177669,2009
Figo,38.0,3648965.31,313423.67000000004,188054.18999999997,211982.9,19.610000000000003,1.2890000000000001,8.0,54574591,2009
Floresta,232.0,418673261.21000004,3363902.7,721749.1600000001,501531.19999999995,11.02,1.8009999999999986,3.0,542848974,2009
Goiaba,90.0,2690510.0300000003,271117.76999999996,108447.12,223667.73,30.660000000000004,1.8710000000000002,22.0,63614673,2009
Kiwi,27.0,1435906.13,110792.73999999999,66475.66,98.95,0.13,1.0060000000000004,1.0,54569926,2009
Laranja,64.0,15201016.15,573781.01,229512.40000000002,64182.38,3.73,1.597,1.0,149396684,2009
Lichia,5.0,365000.0,29994.61,11997.849999999999,9520.8,4.52,0.43900000000000006,1.0,17641126,2009
Limão,2.0,180180.0,6286.9,2514.76,0.0,0.0,0.069,0.0,7053615,2009
Manga,1.0,105960.0,7540.78,3016.31,19830.77,2.63,0.071,1.0,3520509,2009
Maçã,2085.0,454563650.31000006,43703509.120000005,25799543.280000012,28150019.860000007,163.14000000000007,20.152000000000015,748.0,894228801,2009
Melancia,16.0,1078453.4600000002,89172.63,35669.07,8643.83,1.42,1.015,1.0,49686499,2009
Milho 1ª safra,5827.0,772941065.170001,38499359.05,19249612.760000028,3816688.0199999996,921.21,57.91899999999986,82.0,4188778221,2009
Milho 2ª safra,4431.0,353113320.53000003,42502241.510000005,29752924.059999987,41011411.56999998,1002.6300000000009,95.195,1381.0,2936223593,2009
Morango,49.0,3740830.93,226677.91000000003,90671.20000000003,190865.33,20.43,0.8850000000000002,6.0,52322405,2009
Nectarina,115.0,4747546.739999998,659821.3899999997,395892.83999999997,111790.33,50.54,6.229999999999996,22.0,192012858,2009
Pecuário,251.0,49092575.02,1562464.4300000002,457573.7399999998,1099424.77,107.25,4.142,60.0,412426370,2009
Pepino,11.0,158270.0,6851.35,2740.5499999999997,2240.28,4.38,0.3479999999999999,1.0,28242603,2009
Pimentão,66.0,3156806.95,196047.73999999996,78419.08000000002,119906.36,12.82,1.8670000000000002,5.0,111294919,2009
Pêra,48.0,3483757.27,325803.95,195482.37,133008.53,18.76,3.042000000000001,13.0,137196342,2009
Pêssego,819.0,42805851.41,3990671.579999998,2394275.260000001,1286970.1800000002,128.00000000000003,18.33599999999996,147.0,697659144,2009
Repolho,33.0,3590507.1399999997,154286.11,61714.47,15099.0,2.13,0.7850000000000001,1.0,63080046,2009
Soja,30330.0,3484178107.6700034,173809578.2799997,86855548.84999986,18588193.289999995,2030.7999999999997,114.51800000000038,466.0,8614754276,2009
Tangerina,20.0,2063363.96,130168.82999999999,52067.52,323283.66,38.42,0.8949999999999998,5.0,49797453,2009
Tomate,1405.0,219710894.44,12917457.460000005,5166983.240000002,2980332.7199999993,204.36000000000007,18.70999999999997,86.0,1230126406,2009
Trigo,6020.0,629016240.6399999,47847464.57,33493733.629999984,51500247.13000003,1574.9000000000008,138.82300000000015,1622.0,5054115152,2009
Uva,6878.0,708648660.9399998,23155804.840000022,13887153.450000003,16694891.699999997,473.1799999999998,27.702999999999886,1560.0,1971960641,2009
Vagem,5.0,127540.0,6382.09,2552.8500000000004,0.0,0.0,0.1,0.0,7050106,2009
Algodão,417.0,180413735.06,8631389.979999999,4315695.9799999995,783482.35,27.62,3.9090000000000003,6.0,307541745,2010
Alho,36.0,3477928.2000000007,206837.83,82735.14,88970.45,16.73,1.382,6.0,98879948,2010
Ameixa,256.0,19077710.779999997,2482220.44,1489332.1600000004,2447050.6499999994,137.26,15.90700000000003,82.0,449577708,2010
Arroz,4263.0,750079873.8399998,19977558.470000006,9988789.04,4505280.89,1149.8899999999999,13.673999999999996,114.0,1182475581,2010
Atemoia,10.0,543381.5,43453.619999999995,17381.44,27507.09,19.85,0.612,2.0,28305846,2010
Banana,6.0,2367487.3,142027.19999999998,56810.88,6795.73,0.17,0.18,1.0,10593412,2010
Batata,4.0,438773.28,18220.739999999998,7288.3,0.0,0.0,0.152,0.0,15674024,2010
Berinjela,1.0,68392.0,4653.48,1861.39,0.0,0.0,0.068,0.0,3530706,2010
Beterraba,1.0,128700.0,6274.7,2509.88,0.0,0.0,0.049,0.0,3537800,2010
Café,497.0,120670671.06999996,2409803.4900000007,963921.3000000002,419811.81000000006,21.48,3.580000000000001,7.0,417028094,2010
Cana-de-açúcar,1120.0,249067188.64000025,2857954.609999999,1142942.43,448895.41,430.71000000000004,3.3959999999999946,17.0,1027581834,2010
Canola,1.0,40500.0,1490.4,894.24,1575.0,1.06,0.037000000000000005,1.0,4302220,2010
Caqui,436.0,41671911.019999996,5709111.869999998,3425467.139999999,7752920.920000001,144.21,14.845999999999998,190.0,435440897,2010
Cebola,702.0,49419017.029999994,2857852.6600000006,1143140.8200000003,2534595.64,78.34000000000002,5.353,144.0,329930246,2010
Cenoura,1.0,98000.0,4777.94,1911.18,0.0,0.0,0.049,0.0,3537800,2010
Cevada,32.0,1343959.31,113381.01999999999,68028.63,0.0,0.0,1.3309999999999997,0.0,67909510,2010
Chuchu,8.0,230700.0,11387.87,4555.15,0.0,0.0,0.049,0.0,3501905,2010
Feijão,355.0,73338109.79,3284044.6399999997,2298831.0800000015,572492.1699999999,82.04,11.294999999999998,18.0,380058098,2010
Figo,22.0,2076738.1,237509.28000000003,142499.6,0.0,0.0,0.7889999999999999,0.0,25290925,2010
Floresta,248.0,335480656.03000003,4796009.350000001,917901.2200000006,907581.4100000001,86.55000000000001,2.183999999999996,7.0,629948413,2010
Goiaba,22.0,1582864.39,174354.18000000002,69741.65,203059.17,22.31,1.4409999999999998,7.0,50862067,2010
Kiwi,19.0,1177402.2,80886.12,48531.67,30753.260000000002,5.11,0.9540000000000004,5.0,54463997,2010
Laranja,16.0,4784675.4,204920.12000000002,81968.05,0.0,0.0,0.582,0.0,50737182,2010
Manga,2.0,1105821.6,86932.61,34773.04,0.0,0.0,0.16699999999999998,0.0,6689816,2010
Maçã,1925.0,442937952.4900002,44207060.24999999,25636047.579999994,62197308.05,278.58,49.46900000000004,865.0,1049701808,2010
Melancia,18.0,1634219.9200000002,115826.20000000001,46330.479999999996,120363.07999999999,15.579999999999998,1.14,3.0,58316436,2010
Milho 1ª safra,3366.0,399149179.03999954,20890997.040000007,10441899.969999997,656602.82,192.84,44.00799999999995,23.0,3069613713,2010
Milho 2ª safra,1862.0,144624153.05999997,21445984.09,15012188.749999989,4887307.759999999,312.4799999999999,65.58599999999991,263.0,1592894068,2010
Nectarina,69.0,2807775.7500000005,370491.12,222294.63,114880.59999999999,15.370000000000001,4.284999999999999,16.0,122879377,2010
Pecuário,203.0,39583361.18,1361009.6999999997,402981.05999999994,761001.05,111.94999999999999,4.1389999999999985,65.0,377520516,2010
Pepino,2.0,82612.8,4230.62,1692.22,3468.33,1.37,0.10200000000000001,1.0,6652410,2010
Pimentão,28.0,1898950.7600000002,129282.66,51713.06,25396.79,5.289999999999999,0.887,7.0,47066514,2010
Pêra,31.0,2594669.76,249828.18000000005,149896.90999999997,144047.03000000003,48.93000000000001,2.763000000000001,11.0,116965119,2010
Pêssego,496.0,29637298.849999998,2670152.329999999,1602029.0100000002,1299616.8699999996,117.99000000000001,13.054999999999982,107.0,501383204,2010
Soja,25624.0,3101973064.3200045,160155229.23000014,80066370.05000016,32206773.11,2263.7999999999993,128.61200000000034,444.0,8387692245,2010
Tangerina,48.0,3988343.3300000005,277470.04,110987.97999999997,452604.76,30.7,2.766999999999999,16.0,97053983,2010
Tomate,832.0,164610856.23999995,11205201.050000004,4483749.13,4968388.790000002,150.63000000000002,18.364999999999988,115.0,872296661,2010
Trigo,3739.0,305419032.7399999,31802476.61000001,22261756.430000022,5777528.719999999,497.7599999999999,95.82299999999988,253.0,3216978934,2010
Uva,6325.0,353970446.8,21508190.15,12871978.049999995,11789504.78,425.9700000000001,44.69799999999989,1055.0,2023657533,2010
Abacaxi,2.0,407436.75,33613.53,13445.41,0.0,0.0,0.08199999999999999,0.0,3535804,2011
Abobrinha,12.0,491129.98,24813.92,9925.59,17528.37,7.64,0.44399999999999995,2.0,31073062,2011
Abóbora,4.0,275919.91000000003,15873.68,6349.469999999999,23003.99,3.33,0.174,1.0,10621016,2011
Alface,14.0,1082235.2,50679.94,20271.98,12996.0,2.35,0.138,1.0,10577218,2011
Algodão,360.0,167287605.80999994,7772060.580000001,3886031.0699999994,1086250.02,27.43,3.656,9.0,272672405,2011
Alho,138.0,19402375.689999998,1267226.2300000002,506890.4300000001,131593.17,6.67,2.4369999999999994,11.0,162279755,2011
Ameixa,557.0,30918440.549999993,4109189.6599999983,2465513.6199999996,2518920.5099999993,132.24,18.703000000000017,164.0,556789061,2011
Arroz,3502.0,679982828.1199998,18176656.81999999,9088336.909999998,3066069.2899999996,557.5,7.187999999999995,57.0,966014569,2011
Atemoia,11.0,719249.14,61304.86999999999,24521.95,0.0,0.0,0.983,0.0,38885860,2011
Banana,16.0,6361052.51,382526.68000000005,153010.66999999998,28810.52,0.76,0.279,3.0,17651020,2011
Batata,18.0,7612104.0,324500.66,129800.26999999999,0.0,0.0,0.21499999999999997,0.0,18271932,2011
Berinjela,7.0,232106.0,17258.28,6903.32,948.6,3.1,0.397,1.0,21181931,2011
Beterraba,5.0,239984.0,12625.25,5050.1,0.0,0.0,0.17099999999999999,0.0,11948902,2011
Café,643.0,220870097.41999996,3796834.900000001,1518733.9199999995,1260217.4600000002,113.27,4.467,23.0,580734842,2011
Cana-de-açúcar,1729.0,336423374.59999985,4270050.570000002,1708060.2699999975,591526.9900000001,991.04,5.189,17.0,1281208981,2011
Canola,2.0,57852.0,4041.54,2424.92,3905.3,1.9,0.198,1.0,8421960,2011
Caqui,490.0,53681398.60999999,8641286.55000001,5184772.029999998,13741898.529999997,138.23000000000005,18.007000000000005,233.0,448115730,2011
Cebola,857.0,59610427.69999999,3613155.0600000005,1445262.0599999998,1953026.9,99.10999999999999,5.7529999999999974,137.0,380053179,2011
Cenoura,6.0,524292.0,27546.230000000003,11018.5,20174.4,3.06,0.22,1.0,15680182,2011
Cevada,51.0,3455482.37,301070.64999999997,180642.37,0.0,0.0,2.17,0.0,95482601,2011
Chuchu,47.0,1879599.0,104490.02999999998,41796.01000000001,108269.56,15.620000000000001,0.7750000000000002,12.0,49321596,2011
Couve-flor,5.0,384460.0,17301.079999999998,6920.44,0.0,0.0,0.186,0.0,13756613,2011
Feijão,567.0,129616431.02999999,5044607.5,3531225.6499999994,1926627.56,75.94,4.583999999999993,19.0,366487294,2011
Figo,26.0,2555893.99,323894.20999999996,194336.54,15408.37,1.68,0.868,2.0,25327432,2011
Floresta,253.0,453853996.22,5452110.51,1007073.0499999998,736935.2,103.27,2.340999999999996,6.0,651893569,2011
Goiaba,45.0,2982435.79,375073.79,150029.5,112520.17,8.4,1.9740000000000002,5.0,58005870,2011
Kiwi,32.0,2279208.7,207769.66,124661.80000000002,263132.32,23.79,1.3109999999999997,8.0,58890227,2011
Laranja,17.0,4136994.91,139561.32999999996,55824.52999999999,0.0,0.0,0.3490000000000001,0.0,24344036,2011
Maçã,2091.0,489298798.82,58747887.61,34821484.15000002,63195559.65000001,208.82999999999998,24.988999999999972,1188.0,969413855,2011
Melancia,43.0,6221359.530000001,353264.88,141305.93000000002,130774.14000000001,11.78,1.7810000000000001,4.0,100614557,2011
Melão,1.0,20000.0,1742.0,696.8,0.0,0.0,0.087,0.0,4307906,2011
Milho 1ª safra,4897.0,513634892.71999973,32015081.15,16005602.609999977,13401758.850000001,1244.1299999999999,82.289,510.0,5060824459,2011
Milho 2ª safra,3718.0,307830952.33000004,49507377.13,34651156.22000001,19746530.7,559.7800000000001,97.85099999999998,639.0,2598118169,2011
Nectarina,67.0,3270907.4,460938.58999999997,276563.1500000001,95002.78,16.91,4.948999999999999,11.0,140723380,2011
Pecuário,263.0,62156985.8,2112412.0199999996,633688.02,1608918.0,209.29999999999998,4.726999999999996,69.0,488639460,2011
Pepino,2.0,52705.0,3561.2000000000003,1424.48,36000.0,12.03,0.12,1.0,7043913,2011
Pimentão,78.0,3027102.62,188053.18000000002,75221.3,163573.47,32.85,2.3890000000000007,19.0,150870882,2011
Pêra,38.0,2951156.35,287465.5900000001,172479.35,190109.31999999998,27.75,2.614000000000001,9.0,109930138,2011
Pêssego,735.0,55145780.87000001,4792404.620000001,2875442.7499999995,1599932.4899999998,112.35000000000002,17.403999999999975,155.0,651356089,2011
Repolho,21.0,1153029.0,58682.29,23472.920000000002,133613.47,21.849999999999998,0.37,4.0,25378339,2011
Soja,25676.0,2886720447.6499996,182216619.59999973,91066588.02000001,248525631.31999993,5776.920000000001,192.7799999999999,6862.0,12140122122,2011
Tangerina,63.0,7124452.8100000005,494607.25,197842.91999999995,498770.13999999996,50.1,1.96,19.0,91742014,2011
Tomate,1270.0,207795543.4,14052246.719999991,5620898.590000003,10334305.62,250.56999999999994,20.81299999999996,274.0,1154772724,2011
Trigo,3633.0,367005973.0200001,32658387.900000002,22817190.829999957,37480126.57999998,1398.8999999999996,100.26399999999957,1032.0,3816706488,2011
Uva,8353.0,530159505.2300001,32987468.100000005,19750948.51,29378290.92,472.78000000000014,38.12299999999994,2036.0,2092390978,2011
Vagem,10.0,81162.5,4606.030000000001,1842.42,0.0,0.0,0.171,0.0,10548514,2011
Abóbora,3.0,152160.0,8753.76,3501.5,0.0,0.0,0.174,0.0,10620711,2012
Alface,1.0,77760.0,4066.83,1626.73,6048.0,1.49,0.052000000000000005,1.0,3519709,2012
Algodão,113.0,75958163.12000002,3807326.27,1903663.3699999999,599371.03,35.15,1.4800000000000004,5.0,106679572,2012
Alho,132.0,15496892.37,1132179.49,452871.79,297356.92,12.11,2.603999999999999,29.0,153425584,2012
Ameixa,387.0,25469232.250000004,3832710.679999999,2299626.25,1555463.4900000002,53.87000000000001,12.215,118.0,305882664,2012
Arroz,3492.0,693539625.8600003,18642597.049999997,9989337.120000001,4118375.28,433.7000000000001,6.382999999999994,119.0,915272832,2012
Atemoia,11.0,1061888.67,104584.0,41833.0,0.0,0.0,0.9209999999999999,0.0,31461341,2012
Aveia,2.0,397600.0,17278.690000000002,10367.22,291040.70999999996,31.4,0.08499999999999999,2.0,8624317,2012
Batata,17.0,10701489.92,477104.8300000001,190841.91999999998,0.0,0.0,0.415,0.0,32310941,2012
Berinjela,4.0,293400.0,22888.0,9155.2,0.0,0.0,0.20600000000000002,0.0,10627104,2012
Beterraba,3.0,101880.0,4967.1,1986.8400000000001,0.0,0.0,0.098,0.0,7057509,2012
Café,1156.0,323735730.9600002,6768266.510000003,2707306.570000002,1489769.64,162.02,7.933000000000002,31.0,1019747992,2012
Cana-de-açúcar,1030.0,254666490.62,3384571.839999999,1353828.7099999995,338070.4,127.41,3.943999999999995,10.0,1044246513,2012
Canola,68.0,3879678.29,162731.03,97638.62,295723.36,100.51999999999998,1.4520000000000004,18.0,149513194,2012
Caqui,282.0,18260403.319999997,3766687.1700000004,2260009.3,2478797.3699999996,49.56000000000001,12.828999999999995,69.0,235163814,2012
Cebola,758.0,47321883.57000001,3787908.4099999997,1515163.3899999992,5345109.61,66.77000000000001,5.935000000000001,291.0,316795155,2012
Cenoura,1.0,42000.0,2571.74,1028.7,0.0,0.0,0.061,0.0,4203006,2012
Cevada,130.0,7435528.629999999,678102.3500000001,406861.43,1520106.7399999998,175.56999999999996,6.514000000000007,72.0,300155770,2012
Feijão,660.0,145986645.75000003,5464222.800000001,3946057.419999999,1452322.5899999999,133.32,5.138999999999992,24.0,489186710,2012
Figo,17.0,1284916.0,170292.0,102175.2,23820.51,2.36,0.792,2.0,21188834,2012
Floresta,266.0,489824503.5499999,6424833.749999997,1214244.6300000008,949763.17,49.29,2.7209999999999956,5.0,703303817,2012
Goiaba,48.0,3220860.79,431623.98,172649.19999999998,456810.67,16.82,1.797,10.0,50802668,2012
Kiwi,29.0,1307439.86,124206.79,74524.07000000002,62765.549999999996,6.57,1.14,6.0,51621417,2012
Laranja,6.0,563512.0,21514.280000000002,8605.71,0.0,0.0,0.2,0.0,17626969,2012
Mandioca,3.0,132000.0,6049.95,2419.98,0.0,0.0,0.092,0.0,7072111,2012
Manga,3.0,423408.0,39849.0,15939.6,0.0,0.0,0.203,0.0,7054110,2012
Maçã,1996.0,472906511.14000016,58630622.820000045,34808515.910000004,29756505.95,91.08999999999996,20.80399999999998,584.0,755686815,2012
Melancia,33.0,7255689.380000003,424961.48999999993,169984.61000000002,58706.78,2.8600000000000003,1.4500000000000004,3.0,84401752,2012
Melão,1.0,6000.0,522.6,209.04,0.0,0.0,0.087,0.0,4306007,2012
Milho 1ª safra,3867.0,474048904.59,30026923.60000001,15506379.050000006,14150391.229999999,607.0399999999996,69.86800000000004,174.0,4134095529,2012
Milho 2ª safra,5362.0,567810009.5800002,84235752.98999996,57537830.75999996,7841332.0,285.45999999999987,103.47300000000003,280.0,2974877715,2012
Nectarina,43.0,2547706.81,379835.28,227901.16,45697.73,6.49,3.826,6.0,97976156,2012
Pecuário,86.0,15300957.02,542986.81,162722.68,209761.52000000002,46.95,2.3899999999999992,17.0,206157872,2012
Pepino,4.0,277594.4,22843.0,9137.2,0.0,0.0,0.16399999999999998,0.0,7033411,2012
Pimentão,33.0,1169129.8,102369.46999999999,40947.79,101011.23000000001,5.5600000000000005,1.0609999999999997,12.0,53920681,2012
Pêra,48.0,3849007.26,470538.79,282257.18,174119.27000000002,7.54,3.2500000000000018,8.0,118569653,2012
Pêssego,641.0,43531586.02,4834224.82,2900534.9199999995,1121138.81,48.75,10.185000000000006,83.0,336711052,2012
Repolho,6.0,472080.0,24094.1,9637.64,0.0,0.0,0.05,0.0,3537800,2012
Soja,26346.0,3475059480.850003,220089346.86000004,114060855.96000029,59605104.730000004,1624.0599999999993,171.3480000000004,763.0,10498934366,2012
Tangerina,30.0,4086692.1899999995,241750.04000000004,96699.8,125188.23,8.91,1.1160000000000003,4.0,59578025,2012
Tomate,967.0,162615865.16000003,12937931.48,5175164.219999997,2951039.95,80.08000000000001,14.620000000000015,64.0,702305827,2012
Trigo,4853.0,540721002.3799998,41726321.27,29063161.380000003,54665547.56999999,2077.8500000000004,102.57799999999986,1560.0,4621111506,2012
Uva,9141.0,646883840.4300004,40003500.800000004,23921659.86000001,14594641.390000002,511.5799999999999,39.68900000000004,1715.0,2208428573,2012
Abacaxi,2.0,270000.0,22325.0,8930.0,2340.0,0.16,0.166,1.0,7071608,2013
Abobrinha,5.0,70060.0,3302.6,1321.03,68.92,0.09,0.238,1.0,18895021,2013
Abóbora,2.0,111120.0,6392.740000000001,2557.1,9600.0,6.95,0.11599999999999999,1.0,7657409,2013
Alface,33.0,949454.4,49884.53,19953.81,22071.51,3.34,0.159,2.0,10595309,2013
Algodão,268.0,324606441.74,9614406.22,4400746.84,1576743.85,59.88000000000001,3.3949999999999982,11.0,255160123,2013
Alho,131.0,15460201.07,1055400.4500000002,422160.1499999999,111479.41,15.889999999999999,3.8119999999999976,12.0,239073777,2013
Ameixa,569.0,30632255.950000003,4810786.729999999,2394044.369999999,2777991.610000001,140.54999999999998,22.86299999999999,162.0,594462086,2013
Amendoim,102.0,26836667.689999998,2120787.2600000002,848314.9500000001,2937128.0699999994,45.410000000000004,2.124,20.0,95288402,2013
Arroz,5009.0,1060493139.3300004,29248392.58,17215418.860000003,8914314.459999999,847.1800000000002,10.252999999999979,164.0,1384442072,2013
Atemoia,21.0,2170135.38,244373.0,97749.2,0.0,0.0,1.5760000000000003,0.0,49424381,2013
Aveia,18.0,1576400.0,72199.12,43319.48,8436.15,3.76,0.36799999999999994,1.0,34492604,2013
Banana,4.0,1138160.0,58046.16,23218.47,0.0,0.0,0.102,0.0,6236311,2013
Batata,89.0,29855207.79,1300397.9400000002,559724.77,2086698.5000000002,88.91000000000001,1.82,9.0,146988856,2013
Berinjela,27.0,1416163.5999999999,92816.44000000002,37126.57,5508.0,0.78,0.954,1.0,38455557,2013
Beterraba,31.0,848430.0,41585.25,16634.08,13307.89,7.09,0.269,4.0,19025017,2013
Café,7352.0,1422323896.5800002,33803571.959999986,15912737.150000006,11865933.819999998,1227.5200000000002,18.413000000000036,165.0,2270273324,2013
Cana-de-açúcar,4260.0,1017805066.33,15447431.859999994,7021198.639999995,6430333.319999997,1055.6099999999997,8.678999999999993,93.0,2110093625,2013
Canola,51.0,2988555.0,129155.77000000003,77493.48999999996,124129.98,18.39,1.4500000000000006,4.0,135630896,2013
Caqui,477.0,39822872.88,7577504.619999999,4071040.319999999,5008727.5,91.81000000000002,23.82200000000006,185.0,507549940,2013
Cebola,1118.0,96723449.76999998,5442287.62,2176915.110000001,1013321.8400000002,112.79000000000002,9.512000000000013,58.0,556364010,2013
Cenoura,10.0,402800.0,21538.29,8615.310000000001,0.0,0.0,0.214,0.0,16249514,2013
Cevada,109.0,7450157.26,615500.3399999999,364068.00000000006,193510.2,13.029999999999998,5.108999999999998,15.0,219443298,2013
Chuchu,33.0,1160130.0,65838.22,26335.29,37377.47,4.42,0.456,4.0,28215194,2013
Couve-flor,4.0,34260.0,1576.37,630.5400000000001,0.0,0.0,0.103,0.0,7738703,2013
Feijão,1319.0,252005598.37000003,9344805.720000004,5187956.919999999,2886063.0800000005,277.48999999999995,11.63999999999999,50.0,1170657498,2013
Figo,11.0,689466.6,94737.0,37894.8,1197.9,0.82,0.657,1.0,17627728,2013
Floresta,347.0,933277052.82,7386737.870000003,2548148.7600000007,2163369.6799999997,187.29,3.120999999999992,15.0,860419136,2013
Girassol,3.0,725774.83,36498.99,21899.4,0.0,0.0,0.101,0.0,8206141,2013
Goiaba,47.0,3769677.55,506365.0,201628.99999999997,268442.52,11.040000000000001,1.612,9.0,44135062,2013
Kiwi,28.0,1668519.96,158509.40000000002,63403.759999999995,30460.230000000003,6.72,1.4249999999999998,6.0,64667332,2013
Laranja,14.0,4243861.7700000005,175352.33000000002,70140.93000000001,11448.0,2.0,0.605,1.0,43473294,2013
Lima,1.0,60720.0,3341.0,1336.4,0.0,0.0,0.055,0.0,3524303,2013
Mandioca,37.0,3778440.0700000003,123331.86,52341.51,0.0,0.0,0.422,0.0,42420141,2013
Manga,4.0,526742.4,50142.0,20056.800000000003,0.0,0.0,0.288,0.0,10555312,2013
Maçã,2111.0,515933069.57000023,64529911.05,37854533.82000001,39278104.949999996,161.49000000000007,25.18199999999996,746.0,889000263,2013
Melancia,65.0,11076806.239999996,654998.5400000002,261999.43000000005,258282.47999999998,34.23,2.5180000000000002,7.0,152029085,2013
Melão,1.0,6000.0,522.6,209.04,0.0,0.0,0.087,0.0,4306007,2013
Milho 1ª safra,7229.0,1081366040.5000005,66761175.210000046,34590932.460000016,36134589.60000005,2078.169999999999,107.99599999999994,499.0,6244627245,2013
Milho 2ª safra,8025.0,1027604405.3100003,149072284.32999992,97141519.84999995,9749797.85,562.95,158.1510000000005,413.0,4535603165,2013
Nectarina,67.0,2842110.99,433539.74000000005,173415.86999999997,128873.14,21.16,5.026000000000001,13.0,132280413,2013
Pecuário,412.0,84073108.49000001,1848138.5600000005,616923.4299999998,1016518.93,92.92999999999998,5.886000000000002,46.0,870795639,2013
Pepino,11.0,555888.0,47808.41,19123.36,0.0,0.0,0.631,0.0,30129786,2013
Pimentão,117.0,6472269.59,444462.6500000001,181070.48999999996,248006.74000000002,74.73,3.3030000000000004,19.0,202831649,2013
Pêra,41.0,3327521.67,403580.27,159259.24999999997,194030.25999999998,30.889999999999997,3.283000000000001,9.0,120639543,2013
Pêssego,805.0,54210082.85999999,5873987.010000002,3302973.99,6848140.749999999,147.76999999999998,17.128000000000025,319.0,629367159,2013
Repolho,56.0,2626296.0,136434.40999999997,54573.83,4811.52,3.58,0.252,2.0,18336224,2013
Soja,41884.0,6905362585.889975,429410636.8599993,223427922.35999972,301454839.99999934,6904.980000000015,274.0450000000019,4276.0,16421276143,2013
Sorgo,68.0,7490165.009999999,494741.45999999996,224421.50999999998,0.0,0.0,1.982,0.0,137241368,2013
Tangerina,79.0,9797652.16,748920.3300000001,299568.12999999995,364965.97000000003,28.92,2.407000000000001,10.0,108189541,2013
Tomate,1810.0,291059268.03000003,23321122.15,11001629.989999989,6858421.97,185.66999999999996,27.84899999999997,194.0,1278862773,2013
Trigo,8334.0,901403225.6499996,85407082.89000009,59094842.09999996,103051412.28000003,2788.7700000000027,179.17800000000017,2767.0,6944156733,2013
Uva,9792.0,745406730.7499999,47429274.05000009,28082054.84,40297187.959999986,795.06,52.8970000000001,2987.0,2841030811,2013
Vagem,12.0,211830.5,12021.550000000001,4808.62,0.0,0.0,0.228,0.0,14048965,2013
Abacaxi,2.0,217500.0,9178.41,3671.37,0.0,0.0,0.042,0.0,3535804,2014
Abobrinha,9.0,175860.0,9417.51,3767.0099999999998,34751.06,17.58,0.264,2.0,19685529,2014
Abóbora,2.0,212960.0,12251.59,4900.63,0.0,0.0,0.11599999999999999,0.0,7073011,2014
Alface,96.0,2303477.6,121112.48,48444.990000000005,6183.0,2.17,0.21899999999999997,3.0,13717211,2014
Algodão,153.0,133792379.09000002,5868035.029999998,2593335.76,24113.43,1.4,1.834,1.0,144202885,2014
Alho,159.0,23575424.46,1281463.4300000002,512585.33999999985,1060086.45,29.769999999999996,2.9249999999999994,36.0,203772964,2014
Ameixa,645.0,38187736.220000006,6372690.549999996,3408728.2300000004,4748897.200000001,114.94,22.648999999999972,248.0,540268213,2014
Amendoim,167.0,33956062.33,2574844.5599999996,1029937.8700000001,1407699.97,49.120000000000005,3.228000000000002,8.0,148187368,2014
Arroz,5334.0,1213118740.5799994,36535842.18999996,21449361.309999987,14127513.3,504.5500000000001,11.344999999999985,154.0,1492346448,2014
Atemoia,13.0,1105304.88,116599.0,46639.600000000006,1722.0,0.51,1.0939999999999999,1.0,31865353,2014
Aveia,50.0,3794709.2,172179.42,103307.63000000002,110979.25,23.75,1.2260000000000004,4.0,115794546,2014
Banana,5.0,1132005.6,115189.9,46075.96,0.0,0.0,0.31199999999999994,0.0,12924616,2014
Batata,147.0,51912167.07,2306830.65,989738.2,1350480.3699999999,64.46000000000001,2.6290000000000004,7.0,210404954,2014
Berinjela,17.0,492598.85,29143.249999999996,11657.310000000001,5733.0,0.99,0.6359999999999999,1.0,39459564,2014
Beterraba,66.0,1581620.0,80667.21999999999,32266.919999999995,9659.08,8.0,0.452,1.0,31759287,2014
Café,6566.0,1336738077.5800014,37733935.58000005,17617910.990000006,27746067.850000005,1527.44,23.18200000000001,307.0,2646532749,2014
Cana-de-açúcar,3312.0,844198868.8699993,13432875.520000003,6148071.3599999985,8011736.0299999975,1214.9199999999998,9.378999999999987,100.0,2124825085,2014
Canola,115.0,10049507.96,594092.3099999999,356447.35000000003,1223074.8800000001,233.9,4.864999999999997,47.0,368425571,2014
Caqui,479.0,35504027.35,6517267.999999995,3549746.23,4163839.49,96.16999999999999,21.68100000000001,163.0,457981070,2014
Cebola,1869.0,120880160.56000002,7534294.06,3017423.449999999,9725714.510000004,181.88,8.116,272.0,507222408,2014
Cenoura,24.0,1353555.0,73721.61,29488.64,0.0,0.0,0.281,0.0,19775329,2014
Cevada,254.0,16316221.129999997,1622326.2599999998,971518.7400000003,1542252.6599999997,154.36,11.332000000000008,53.0,459708217,2014
Chuchu,48.0,1362460.0,77321.52,30928.64,119575.51,18.939999999999998,0.456,4.0,28215194,2014
Couve-flor,7.0,35900.0,1750.01,700.01,252.34,0.52,0.16099999999999998,1.0,12055354,2014
Feijão,1366.0,255080217.82999998,9134415.15,5073117.779999996,3508344.2600000002,623.4900000000002,13.333999999999998,71.0,1334482828,2014
Figo,8.0,376746.6,59247.0,23698.8,0.0,0.0,0.829,0.0,19400530,2014
Floresta,406.0,706475728.87,10216151.490000002,3424974.2299999986,28537708.29,537.17,5.308999999999993,36.0,1013865585,2014
Goiaba,27.0,2109825.56,326588.0,130635.2,144853.73,1.45,1.377,8.0,31795043,2014
Kiwi,27.0,2079191.13,168439.19,67375.68000000001,36897.46,7.23,1.3329999999999997,4.0,64880012,2014
Laranja,12.0,2541949.87,129507.54000000001,51803.01,7665.29,5.93,0.432,2.0,31969240,2014
Mandioca,68.0,8210926.06,222461.86,88984.59000000001,0.0,0.0,0.4120000000000001,0.0,48515630,2014
Manga,4.0,1888195.25,167207.0,66882.8,0.0,0.0,0.30100000000000005,0.0,10267620,2014
Maçã,2361.0,577018393.6999998,85758528.66999997,50788835.22000002,54524285.73999999,183.75000000000006,27.948000000000036,824.0,886458785,2014
Melancia,93.0,15412917.39,1277326.1899999997,511975.64999999997,324533.20999999996,25.5,4.268000000000002,5.0,180454596,2014
Melão,1.0,20000.0,1900.0,760.0,3862.83,2.03,0.095,1.0,4214409,2014
Milho 1ª safra,6886.0,1168528418.5699973,74465352.76999995,39350975.66,35269222.629999995,1470.0600000000004,102.02300000000011,359.0,5928223307,2014
Milho 2ª safra,8299.0,799370633.4599999,120742713.73000003,71697623.15999997,5169548.360000001,346.42000000000013,172.73400000000007,203.0,4731696980,2014
Nectarina,72.0,3341004.0900000003,449650.59,183961.43999999994,174309.03,9.75,6.193,9.0,168666933,2014
Pecuário,2739.0,270630633.54999995,7784807.390000001,3099264.1900000004,3747359.370000003,332.6899999999998,31.39100000000007,753.0,3314629188,2014
Pepino,9.0,70764.0,4821.95,1928.76,0.0,0.0,0.47,0.0,32217088,2014
Pimentão,178.0,8565193.92,573266.5800000001,236443.38999999998,403268.7799999999,58.2,4.540000000000002,31.0,253245601,2014
Pêra,40.0,2725548.83,285196.64,114078.66000000002,326076.44,30.49,3.344000000000001,16.0,126684942,2014
Pêssego,888.0,74222027.05,7543929.710000004,4305865.340000001,2640883.23,101.9,17.612000000000005,166.0,591590657,2014
Repolho,113.0,3105840.0,164978.47,65991.34000000001,2479.68,5.39,0.647,1.0,43038991,2014
Soja,44421.0,8228884750.53001,517529616.71999943,271287332.47000045,345337418.0799998,6001.699999999996,324.32999999999834,3447.0,18721814829,2014
Sorgo,198.0,19426443.359999996,1327040.0100000002,641883.5499999999,251516.91999999998,42.31,3.577000000000001,6.0,227501588,2014
Tangerina,66.0,9130272.37,888874.58,355549.83999999985,693770.35,12.2,2.661000000000001,9.0,97199120,2014
Tomate,1736.0,266903601.98000005,21979840.589999996,10796460.349999994,14968525.389999999,242.28,27.75799999999997,384.0,1322315839,2014
Trigo,17571.0,1455719944.2200007,188779658.02999985,131598681.51000006,116086415.66999994,2321.25,366.2139999999927,2992.0,11388811679,2014
Triticale,2.0,213000.0,18910.95,11346.57,0.0,0.0,0.14300000000000002,0.0,8425113,2014
Uva,10325.0,708680134.4100003,54231246.819999956,32276767.80999998,29439643.28999998,484.8999999999999,50.30600000000015,2157.0,2408609000,2014
Vagem,9.0,150080.0,8517.24,3406.91,8658.29,6.53,0.171,4.0,10616610,2014
Abobrinha,7.0,230320.0,13086.49,5234.59,0.0,0.0,0.16099999999999998,0.0,11967159,2015
Alface,8.0,168960.0,8877.14,3550.85,0.0,0.0,0.053,0.0,3537800,2015
Algodão,4.0,3323198.51,240747.95999999996,123141.75,0.0,0.0,0.308,0.0,19044171,2015
Alho,109.0,14643773.59,1068432.0699999998,427372.79,950749.01,46.269999999999996,2.7489999999999988,35.0,166658053,2015
Ameixa,532.0,29540728.74,5183052.119999998,2756799.5,4899297.01,102.86999999999998,18.433,237.0,420328438,2015
Arroz,1036.0,344190963.3900001,10484909.150000008,6145290.390000001,10163168.149999999,345.80000000000007,5.675999999999998,70.0,793414012,2015
Atemoia,6.0,735415.0,81372.0,32548.800000000003,0.0,0.0,0.5609999999999999,0.0,17677625,2015
Aveia,32.0,1798000.0,106593.04000000001,63955.829999999994,96024.32,8.83,1.0320000000000003,5.0,77528528,2015
Batata,10.0,3316203.01,159989.41,63995.75,7504.42,1.04,0.31799999999999995,1.0,27033471,2015
Berinjela,4.0,342340.0,24946.67,9978.67,0.0,0.0,0.29500000000000004,0.0,14076524,2015
Beterraba,4.0,66330.0,3233.8900000000003,1293.56,0.0,0.0,0.098,0.0,7075709,2015
Café,615.0,186528146.84000006,5862586.330000001,2607145.6599999988,4887660.390000001,297.14999999999986,8.328000000000001,65.0,803877583,2015
Cana-de-açúcar,175.0,71226722.92999999,779131.5300000003,338475.3599999999,185121.42999999996,129.08,1.4009999999999987,8.0,337841261,2015
Canola,43.0,4858468.0,149818.72,89891.12000000001,261902.65,46.66,0.9450000000000004,10.0,103267957,2015
Caqui,176.0,13106129.180000002,2372345.8600000003,1323053.2400000002,186611.54,16.05,9.066000000000004,14.0,215665833,2015
Cebola,1053.0,84782794.21999998,5961778.949999997,2666626.81,11045918.39,174.08,10.40400000000001,460.0,582411420,2015
Cenoura,1.0,144000.0,8784.64,3513.86,7444.8,0.85,0.061,1.0,4305108,2015
Cevada,121.0,14231171.69,1328754.1900000002,797252.4900000001,2138804.05,128.42000000000007,7.7189999999999985,65.0,304670390,2015
Chuchu,25.0,623920.0,35408.45,14163.41,13273.33,2.29,0.228,2.0,14072819,2015
Feijão,337.0,93588245.64999999,3393232.3600000003,1980214.9799999988,3307884.0700000003,169.62999999999997,3.8679999999999977,31.0,386023482,2015
Figo,8.0,403281.25,67620.0,27048.0,0.0,0.0,0.454,0.0,10593014,2015
Floresta,94.0,116967639.67999998,1837122.3900000004,817942.41,387361.87,16.88,1.281,2.0,234933391,2015
Goiaba,16.0,1350920.26,226319.0,90527.6,29585.44,0.55,0.815,1.0,17640524,2015
Kiwi,11.0,475110.16,45135.49,18054.2,0.0,0.0,0.28500000000000003,0.0,12939283,2015
Laranja,3.0,1432000.0,34220.61,13688.24,0.0,0.0,0.057,0.0,7487903,2015
Mandioca,3.0,212784.0,6247.98,2499.19,0.0,0.0,0.105,0.0,11802111,2015
Manga,1.0,78000.0,10645.0,4258.0,0.0,0.0,0.136,0.0,3520509,2015
Maçã,1211.0,300017453.6700001,46596468.75,27910672.100000005,13084615.559999999,91.51,23.144000000000013,362.0,685333257,2015
Melancia,2.0,196000.0,14406.0,5762.4,46461.58,4.02,0.14800000000000002,1.0,7073415,2015
Milho 1ª safra,880.0,177664995.76000005,11332237.629999999,5926021.370000002,13615496.019999998,428.03999999999996,27.910000000000004,104.0,1692919480,2015
Milho 2ª safra,5697.0,553055948.7499998,76067731.48999996,45557495.3,4549377.47,260.5799999999998,160.11100000000044,212.0,4387768257,2015
Nectarina,49.0,2076930.2000000002,311756.94,128023.96,254591.74,13.89,4.798,9.0,115094634,2015
Pecuário,294.0,75343629.11000001,1081340.3600000008,422997.54,185014.3,23.689999999999994,4.457999999999993,5.0,808091633,2015
Pepino,2.0,110200.0,9588.0,3835.2000000000003,0.0,0.0,0.174,0.0,7025111,2015
Pimentão,30.0,2474497.48,191359.63,81373.04000000001,2273.6699999999996,0.76,1.3230000000000002,2.0,64348491,2015
Pêra,21.0,1758842.3900000001,232998.58000000002,93199.43,78053.6,7.73,1.5259999999999998,2.0,54482979,2015
Pêssego,715.0,62156235.23,7303058.360000002,4211578.639999999,4437903.76,95.73,15.035000000000007,184.0,473756973,2015
Repolho,5.0,67800.0,3562.25,1424.91,0.0,0.0,0.053,0.0,3537800,2015
Soja,10184.0,1698351631.2999983,112325126.05999988,61057455.72000002,73735111.50999995,2661.0499999999993,154.68199999999987,885.0,9102952696,2015
Tangerina,29.0,4484925.660000001,440660.85000000003,176264.34,0.0,0.0,1.2429999999999999,0.0,47054658,2015
Tomate,599.0,116859788.09,10565665.950000001,5048627.9,6617173.179999999,111.36999999999999,13.019000000000009,94.0,538873597,2015
Trigo,10348.0,995124447.7000021,122640196.98999998,85722751.0099999,127571084.62,3104.330000000001,295.2099999999963,2724.0,9359468312,2015
Triticale,1.0,182000.0,9973.6,5984.16,18291.0,1.83,0.055,1.0,4212007,2015
Uva,5330.0,420244550.2299998,32848587.769999996,19595713.389999986,34824643.64000001,536.75,27.20600000000004,1696.0,1355452401,2015
Abobrinha,2.0,17320.0,773.5,348.06,0.0,0.0,0.045,0.0,3537909,2016
Alface,10.0,301560.0,15844.1,7129.79,0.0,0.0,0.053,0.0,3537800,2016
Algodão,22.0,14954428.58,1076882.61,419487.23000000004,1922129.55,11.15,0.881,2.0,41568860,2016
Alho,110.0,27678487.69,1790892.6700000002,805901.6900000002,2143765.55,32.36000000000001,2.706999999999999,28.0,157796566,2016
Ameixa,484.0,29236827.349999998,4906972.669999999,2208136.88,2063525.5800000003,61.27000000000001,19.569999999999993,90.0,444117446,2016
Arroz,2195.0,515042251.5599998,16319077.020000016,6170130.880000002,6338683.250000001,193.07,9.656999999999998,44.0,1203459025,2016
Atemoia,13.0,1131732.02,112181.8,50481.78,0.0,0.0,0.7109999999999999,0.0,24790840,2016
Aveia,50.0,5849044.0,265094.15,92782.92000000003,781404.62,45.42999999999999,1.298,16.0,124325683,2016
Banana,9.0,1699500.0,174143.43,78364.5,0.0,0.0,0.491,0.0,16645120,2016
Batata,36.0,11856809.660000002,619138.2800000001,278612.19,87451.85,1.36,1.3030000000000002,2.0,101165170,2016
Berinjela,8.0,650890.0,53646.99,24140.62,37242.04,2.38,0.6369999999999999,1.0,28174494,2016
Beterraba,7.0,138530.0,6753.96,3039.25,0.0,0.0,0.098,0.0,7057509,2016
Café,1200.0,322423408.4399999,11648486.540000012,5241817.060000001,10529143.400000004,475.11999999999995,16.637999999999998,124.0,1405773985,2016
Cana-de-açúcar,790.0,182337711.80999988,3242680.6800000016,1459206.5099999998,675660.5599999999,181.06,5.058999999999992,13.0,1009551455,2016
Canola,61.0,4134936.0,169739.55999999997,59408.66,243606.8,75.59,1.9340000000000004,15.0,192979958,2016
Caqui,328.0,29749800.97,4998438.719999999,2249297.329999999,1388812.49,23.37,13.928999999999988,56.0,321280319,2016
Cebola,1318.0,105651373.79999998,9480829.280000003,4062175.13,2409153.8000000007,75.86999999999999,10.583000000000009,167.0,511056503,2016
Cenoura,4.0,475300.0,26388.61,11874.849999999999,0.0,0.0,0.17099999999999999,0.0,12125619,2016
Cevada,214.0,19601980.539999995,2102058.9000000004,812297.3900000004,115764.09,14.51,11.98400000000001,12.0,466018619,2016
Chuchu,9.0,282040.0,16006.240000000002,7202.780000000001,0.0,0.0,0.114,0.0,7033114,2016
Couve-flor,1.0,176000.0,7860.08,3537.03,0.0,0.0,0.045,0.0,3519600,2016
Feijão,851.0,206515310.18999988,7214468.390000001,2557569.64,2010962.6500000004,363.55000000000007,9.35399999999999,41.0,982931834,2016
Figo,1.0,18750.0,4162.0,1872.9,0.0,0.0,0.222,0.0,3556206,2016
Floresta,241.0,281670738.06000006,4159455.11,1295506.8499999999,335451.87,12.329999999999998,2.6319999999999966,2.0,504685157,2016
Goiaba,20.0,1654979.47,237902.62,107055.18,245354.1,7.670000000000001,1.6840000000000002,4.0,38793744,2016
Kiwi,14.0,1509589.0,142546.47999999998,64145.91999999999,0.0,0.0,0.7519999999999999,0.0,33489537,2016
Laranja,20.0,3683310.5,322148.8200000001,144966.95000000004,0.0,0.0,1.0179999999999998,0.0,49389010,2016
Manga,10.0,1945239.0,149729.0,67378.05,0.0,0.0,0.396,0.0,14132021,2016
Maçã,2331.0,607682085.9300001,88340801.41,34420557.48999998,60536084.400000006,121.92000000000002,25.487000000000027,446.0,783099601,2016
Melancia,69.0,12789726.489999998,977072.6399999999,439682.66,66028.05,6.73,2.504000000000001,2.0,115523401,2016
Melão,2.0,90000.0,8028.6,3612.87,0.0,0.0,0.182,0.0,8527784,2016
Milho 1ª safra,2190.0,360791447.1600005,22178863.299999993,9282045.789999994,5399666.429999999,207.71999999999997,64.53100000000002,81.0,3965598561,2016
Milho 2ª safra,11447.0,1805493560.0899997,164724343.53000006,72541699.73999992,254846474.5199999,4824.87,272.65400000000074,3771.0,9311720707,2016
Nectarina,36.0,1300235.75,225749.46000000002,101587.19000000003,47178.840000000004,2.32,4.746000000000001,4.0,101457446,2016
Pecuário,639.0,159487998.07999992,2730281.7299999977,1222132.9100000001,351458.8,44.24999999999999,9.267999999999958,26.0,1616580302,2016
Pepino,6.0,417000.0,36204.06,16291.820000000002,0.0,0.0,0.23199999999999998,0.0,11257264,2016
Pimentão,81.0,5510659.28,456714.41,204648.52999999997,20863.58,4.32,2.616,2.0,124197767,2016
Pêra,40.0,4015914.37,515007.39,231753.28,213601.06,16.32,3.2259999999999995,12.0,105899032,2016
Pêssego,681.0,58956167.96,7051063.839999999,3172977.7,1294115.33,52.36,14.806000000000015,53.0,459390631,2016
Repolho,17.0,525840.0,27741.81,12483.73,1516.2,0.9,0.276,1.0,18421086,2016
Soja,30887.0,6362860598.470005,380123978.3700009,159201986.69999993,70027856.87,2042.3299999999995,282.31900000000155,755.0,17482417079,2016
Sorgo,135.0,13893403.139999999,985066.9299999999,443005.19999999995,2706005.44,239.78,4.931999999999999,40.0,301069564,2016
Tangerina,54.0,8176017.18,776715.34,349521.89999999997,125981.18000000001,15.51,2.3800000000000003,6.0,83974337,2016
Tomate,1043.0,219445011.57,17539163.110000003,7837070.450000003,6029264.92,130.1,18.419000000000015,109.0,826217958,2016
Trigo,7922.0,731209880.6199999,92056468.04000011,41994599.98999994,16133266.730000002,717.6499999999994,222.24499999999895,540.0,6752792269,2016
Triticale,1.0,210000.0,9281.2,3248.42,0.0,0.0,0.044000000000000004,0.0,4302584,2016
Uva,8621.0,690527403.1200002,56874315.439999975,25536497.09000001,13017137.489999996,304.13000000000005,48.16300000000008,873.0,2116942420,2016
Abacate,2.0,234080.0,17436.67,7846.49,0.0,0.0,0.153,0.0,7048308,2017
Abacaxi,2.0,353100.0,14116.509999999998,6352.42,0.0,0.0,0.08,0.0,7044308,2017
Abobrinha,1.0,5320.0,237.59,106.91,0.0,0.0,0.045,0.0,3537909,2017
Abóbora,4.0,155586.0,10919.16,4913.619999999999,0.0,0.0,0.21600000000000003,0.0,11956025,2017
Alface,2.0,97900.0,5143.72,2314.67,0.0,0.0,0.053,0.0,3519709,2017
Algodão,53.0,23534854.659999996,1045937.5800000001,391854.48,0.0,0.0,0.7810000000000004,0.0,57737252,2017
Alho,173.0,39203791.989999995,2659653.26,1195068.9999999995,1182377.5799999998,8.07,2.980999999999999,6.0,172675407,2017
Ameixa,423.0,25556160.750000004,4260393.519999999,1915016.219999999,1990726.8699999999,53.190000000000005,17.990999999999996,102.0,409920265,2017
Arroz,2454.0,688342869.2099997,22148701.34999999,8512463.660000002,5315672.59,161.59,11.731000000000002,146.0,1395973024,2017
Atemoia,7.0,653552.6,57743.759999999995,25984.67,0.0,0.0,0.28,0.0,10612313,2017
Aveia,49.0,6623625.27,270998.62999999995,94849.27999999997,84446.4,14.6,1.0560000000000005,3.0,115036655,2017
Banana,13.0,2427990.0,250763.96,112843.72,10516.5,0.25,0.97,2.0,33290498,2017
Batata,54.0,15307977.709999997,1002527.85,450418.61000000004,0.0,0.0,2.0270000000000006,0.0,114776815,2017
Berinjela,5.0,379519.7,27757.0,12490.649999999998,5848.0,4.54,0.366,1.0,17632373,2017
Beterraba,1.0,112000.0,5173.07,2327.88,0.0,0.0,0.046,0.0,3510807,2017
Café,1680.0,334257862.9100001,11534543.349999998,5190538.060000002,462584.60000000003,53.23,15.685000000000027,24.0,1547766628,2017
Cana-de-açúcar,912.0,212351870.0,3863794.14,1719696.08,373034.38,116.03,5.824999999999985,12.0,1176637312,2017
Canola,35.0,3037797.5,118475.78999999998,41466.399999999994,104470.88,11.22,1.1370000000000002,4.0,115836622,2017
Caqui,261.0,19388359.91,3288928.340000001,1480017.85,1047558.5299999998,27.1,10.610999999999999,41.0,236214640,2017
Cebola,965.0,84311792.24000001,7788412.139999999,3501363.249999999,2546424.6000000006,69.04,9.177000000000005,78.0,438992822,2017
Cenoura,8.0,1671970.8399999999,84972.91,38237.79,0.0,0.0,0.371,0.0,25937675,2017
Centeio,1.0,134632.5,5950.24,2082.58,0.0,0.0,0.044000000000000004,0.0,4311155,2017
Cevada,179.0,16608070.809999999,1650711.33,623302.8999999999,1075789.3799999997,56.39,8.337,41.0,328890872,2017
Chuchu,2.0,66700.0,2628.5,1182.81,0.0,0.0,0.086,0.0,6706464,2017
Couve-flor,1.0,4340.0,193.82,87.21,0.0,0.0,0.045,0.0,3537800,2017
Feijão,835.0,212238665.09999985,8495191.790000003,3133599.560000001,2523878.0399999996,212.48000000000005,13.34500000000001,33.0,983092495,2017
Floresta,212.0,179297160.87999997,2687565.73,1028310.57,2392059.33,90.44999999999999,1.7889999999999986,7.0,358196263,2017
Goiaba,19.0,1497817.5,219679.73,98855.87,14897.79,0.59,1.5959999999999999,1.0,39612540,2017
Kiwi,13.0,1765598.0,167818.25,75518.20999999999,282.96,0.03,0.7609999999999999,1.0,33781305,2017
Laranja,19.0,2550984.24,194704.48000000004,87616.97999999998,13066.03,5.14,0.8799999999999999,3.0,46130599,2017
Lichia,1.0,152000.0,9946.78,4476.05,0.0,0.0,0.065,0.0,3164704,2017
Mandioca,16.0,1264621.6,33286.54,14978.779999999999,0.0,0.0,0.211,0.0,28809333,2017
Manga,8.0,1804154.0,132160.0,59472.0,0.0,0.0,0.146,0.0,7076411,2017
Maçã,1750.0,592123659.6100001,87441671.49,37855030.83999999,22462322.8,69.98,21.267000000000007,311.0,643120897,2017
Melancia,71.0,11287758.2,888502.56,399760.0499999999,211545.59,19.1,3.1090000000000004,4.0,142395440,2017
Melão,4.0,186598.5,16252.729999999998,7313.7300000000005,49811.52,4.86,0.261,2.0,12934614,2017
Milho 1ª safra,1519.0,235194376.61000016,14135643.310000004,5947471.720000007,2251544.0,95.65,51.198999999999934,26.0,3071159136,2017
Milho 2ª safra,10216.0,1103757663.4099975,139750374.18999988,61914984.32999995,18713866.60000001,815.4700000000005,230.69200000000043,561.0,7047414822,2017
Nectarina,36.0,1210328.0499999998,228907.26,103008.25000000001,18057.010000000002,7.37,4.629,3.0,96316452,2017
Pecuário,218.0,72955709.74000001,1289340.5599999991,580202.8500000001,201620.25,1.97,3.8579999999999894,10.0,649861529,2017
Pepino,3.0,52240.0,3185.48,1433.46,0.0,0.0,0.183,0.0,11192609,2017
Pimentão,63.0,6113166.46,464486.86,209019.09,200688.0,21.06,2.5820000000000003,4.0,126214145,2017
Pêra,36.0,4706440.29,599154.16,269619.34,226129.96,12.57,3.3369999999999993,7.0,109226086,2017
Pêssego,605.0,51530511.53,6242998.450000001,2809349.0899999994,373780.35000000003,46.47,13.368000000000016,24.0,406509391,2017
Repolho,5.0,111200.0,5225.49,2351.4300000000003,0.0,0.0,0.08199999999999999,0.0,6741500,2017
Soja,29617.0,6586533864.980012,388342555.93999964,164528431.2499998,54650633.24999997,2198.4099999999976,308.5320000000017,904.0,19166560681,2017
Sorgo,37.0,3951267.73,274684.49,123607.97,141330.51,12.43,1.627,2.0,99292423,2017
Tangerina,45.0,7410551.420000001,666006.74,299703.02999999997,88475.95000000001,3.8,2.21,3.0,83202436,2017
Tomate,852.0,208957127.15000004,15695059.529999996,7045708.569999999,4631480.61,113.67000000000003,15.497000000000007,53.0,743413475,2017
Trigo,4498.0,514627411.5299998,62741334.47000006,24903550.400000013,45957544.769999966,1312.1100000000001,189.79899999999952,1020.0,5516545397,2017
Triticale,5.0,521176.0,23156.1,8104.609999999999,0.0,0.0,0.22400000000000003,0.0,19983370,2017
Uva,8321.0,707418684.9800007,57450860.670000024,25780806.22,17913755.630000006,294.46,42.69400000000007,1024.0,1856425866,2017
Abacate,3.0,796180.0,52478.41,23615.27,0.0,0.0,0.193,0.0,9815116,2018
Abacaxi,1.0,75000.0,2698.58,1214.36,0.0,0.0,0.036000000000000004,0.0,3127107,2018
Abobrinha,1.0,12600.0,562.71,253.21,0.0,0.0,0.045,0.0,3518305,2018
Abóbora,1.0,99200.0,5952.0,2678.4,0.0,0.0,0.06,0.0,3522307,2018
Alface,3.0,493900.0,25949.760000000002,11677.380000000001,0.0,0.0,0.106,0.0,7037214,2018
Algodão,39.0,21318934.639999997,781696.28,283992.89,0.0,0.0,0.51,0.0,43382260,2018
Alho,120.0,39307581.849999994,2019756.8099999998,908890.3799999998,529201.76,53.93,3.148999999999999,21.0,189781781,2018
Ameixa,392.0,25337350.26,4239836.619999997,1907925.8999999994,3510596.91,124.57999999999998,20.2,143.0,463979118,2018
Arroz,1725.0,460062114.25,16012096.059999995,5974192.739999999,11446446.54,318.2899999999999,10.919999999999995,178.0,1218914820,2018
Atemoia,12.0,1490489.84,170519.63,76733.82999999999,98102.69,3.92,0.96,1.0,28249040,2018
Aveia,88.0,22105677.0,915624.38,319090.01,138899.1,5.9799999999999995,2.024,5.0,211363918,2018
Banana,10.0,449050.0,32094.120000000003,14442.3,0.0,0.0,0.5609999999999999,0.0,23742165,2018
Batata,36.0,13938754.64,836454.88,376404.63000000006,419670.39,17.85,1.4960000000000004,5.0,91276927,2018
Berinjela,5.0,401056.68,32190.71,14485.81,902.4,0.32,0.31199999999999994,1.0,14090118,2018
Beterraba,1.0,34000.0,2074.17,933.37,0.0,0.0,0.061,0.0,4200705,2018
Brócolis,2.0,57750.0,3135.83,1411.12,0.0,0.0,0.10800000000000001,0.0,8619111,2018
Café,1605.0,318768516.13000005,10696054.859999996,4807638.150000001,1327949.2599999998,58.46,16.99800000000001,68.0,1569473590,2018
Cana-de-açúcar,627.0,153064938.45999995,2793495.1900000013,1257072.9800000002,847463.0199999999,233.10999999999999,5.290999999999988,21.0,1047257972,2018
Canola,24.0,2475654.02,115427.16,39108.5,134572.35,25.310000000000002,0.7130000000000001,6.0,69042794,2018
Caqui,243.0,22149304.130000006,3930728.74,1768827.9099999992,2804139.8300000005,60.860000000000014,15.121999999999982,85.0,326138313,2018
Cebola,615.0,66661268.20000001,6118398.159999998,2753278.9099999988,3306519.37,79.94,6.939999999999999,95.0,335960542,2018
Cenoura,6.0,5749771.5,169306.00999999998,76187.7,0.0,0.0,0.184,0.0,16856531,2018
Cevada,80.0,11769217.25,955362.6099999999,333748.20999999996,655610.9099999999,38.21,5.650999999999999,19.0,222907249,2018
Couve-flor,1.0,51800.0,2313.42,1041.03,0.0,0.0,0.045,0.0,3538204,2018
Feijão,540.0,140800215.05999994,5511489.230000002,2074723.0600000005,2371024.7800000003,169.14,11.126000000000007,57.0,808965103,2018
Figo,1.0,18000.0,1630.8,733.86,4254.57,2.61,0.091,1.0,4314704,2018
Floresta,190.0,210309278.01999998,3390930.930000001,1067353.3599999994,17648.97,4.08,1.704999999999999,1.0,345041107,2018
Goiaba,10.0,741430.0,126961.03,57132.46,0.0,0.0,1.065,0.0,25526224,2018
Kiwi,11.0,517490.5,49248.01,22161.600000000002,87247.68,14.22,0.6659999999999999,4.0,29876899,2018
Laranja,32.0,2927576.79,195128.21000000002,87807.62999999999,38715.48,13.5,1.255,1.0,66975225,2018
Limão,2.0,171600.0,16237.16,7306.719999999999,0.0,0.0,0.21200000000000002,0.0,7851959,2018
Mandioca,54.0,5299059.030000001,164786.66999999998,74153.47000000002,169918.6,21.48,0.9160000000000006,5.0,114387477,2018
Maracujá,2.0,33500.0,2696.75,1213.54,0.0,0.0,0.162,0.0,8540307,2018
Maçã,1652.0,562224682.1299999,76079909.98000002,33184046.51999999,19020249.789999995,96.44999999999997,21.113000000000007,293.0,662956805,2018
Melancia,96.0,15460416.450000001,915717.14,412072.70999999996,184735.84,17.89,2.5750000000000006,3.0,149751509,2018
Melão,1.0,75840.0,6605.66,2972.55,0.0,0.0,0.087,0.0,4313375,2018
Milho 1ª safra,1315.0,239032274.84,14171463.939999985,5989676.759999999,12803373.180000005,457.13,44.58399999999996,94.0,2699977622,2018
Milho 2ª safra,13454.0,1749825757.5299993,184295049.07000014,82249578.76999986,244557153.45999986,4388.110000000006,319.9080000000004,5440.0,11436720055,2018
Morango,1.0,68850.0,2891.7,1301.27,0.0,0.0,0.042,0.0,4322509,2018
Nectarina,32.0,1222500.4799999997,251592.99,113216.85000000002,216993.90999999997,31.97,4.489,15.0,97368834,2018
Pecuário,363.0,141206931.69000003,2214838.169999999,985363.6600000004,182098.0,41.01,5.93599999999998,7.0,1011132721,2018
Pepino,4.0,100750.0,8077.48,3634.86,0.0,0.0,0.306,0.0,14135320,2018
Pimentão,65.0,6058310.250000001,486679.81999999995,219005.93000000008,74495.4,16.799999999999997,2.897,4.0,128191917,2018
Pêra,33.0,5020052.95,656646.31,295490.83,1837047.86,40.33,2.994999999999999,19.0,92370978,2018
Pêssego,574.0,48980745.29999999,5966221.810000001,2684799.4299999997,11891812.469999999,133.85000000000002,14.684000000000017,280.0,451837188,2018
Repolho,3.0,110000.0,6007.08,2703.17,0.0,0.0,0.16999999999999998,0.0,11288318,2018
Soja,24305.0,6613447841.38001,365697931.84999907,154767474.4899995,418675837.0199999,8112.790000000002,332.77199999999976,5700.0,21845333819,2018
Sorgo,21.0,3165492.88,123563.34999999999,44673.84,0.0,0.0,0.9299999999999999,0.0,85736818,2018
Tangerina,43.0,8481300.93,815054.41,366774.48000000004,305113.58999999997,12.02,2.3950000000000005,4.0,81584954,2018
Tomate,1037.0,240535498.58999994,17661669.79,7939618.9600000065,7182704.3500000015,165.17999999999998,14.450999999999997,101.0,712189040,2018
Trigo,5196.0,588417386.8799995,68520143.46999998,27667122.189999998,45673211.99999996,1539.5099999999989,197.9950000000004,1654.0,6001413392,2018
Triticale,5.0,415422.0,18173.11,6360.55,0.0,0.0,0.17400000000000002,0.0,16635280,2018
Uva,8430.0,726732917.4300001,56522191.43000001,25423491.859999992,134474498.97000003,605.37,43.58700000000007,3294.0,2048760275,2018
Abacate,2.0,459760.0,33428.82,11700.08,0.0,0.0,0.146,0.0,6288314,2019
Abacaxi,12.0,1153376.01,46410.83,16243.779999999999,0.0,0.0,0.24400000000000002,0.0,19796932,2019
Abobrinha,2.0,31780.0,1419.28,496.74,0.0,0.0,0.09,0.0,7624514,2019
Abóbora,30.0,1810785.2,116017.65,40606.150000000016,0.0,0.0,1.388,0.0,68392374,2019
Alface,5.0,246400.0,12885.14,4509.78,0.0,0.0,0.21,0.0,14665612,2019
Algodão,62.0,48782928.410000004,1684576.8099999998,531870.39,205912.0,4.49,0.9310000000000003,1.0,83361980,2019
Alho,196.0,47290127.81999999,2900284.08,1015099.41,462959.41000000003,16.65,3.7679999999999993,19.0,211320424,2019
Ameixa,448.0,27978228.02,4576136.04,1600431.0699999998,2118945.6,67.39,21.514000000000014,116.0,506137407,2019
Amendoim,79.0,56227212.19,2682394.5799999996,938425.0000000001,1392131.63,23.29,1.8489999999999993,5.0,126618148,2019
Arroz,2139.0,596694871.2400001,22572372.780000016,7185936.4899999965,1790334.58,80.77000000000001,14.04099999999999,51.0,1377116155,2019
Atemoia,6.0,539650.0,53023.81,18558.32,0.0,0.0,0.20400000000000001,0.0,7073713,2019
Aveia,104.0,15237205.930000002,660366.3600000001,197237.78999999998,109860.08,47.25,2.712999999999999,5.0,268032229,2019
Banana,21.0,3327538.4999999995,297838.75,104121.99000000002,79414.1,6.550000000000001,1.5980000000000003,2.0,55653947,2019
Batata,131.0,61085070.60999999,4001637.2100000004,1400572.85,153871.59,11.93,3.754000000000002,2.0,202367290,2019
Berinjela,1.0,116771.0,10157.0,3554.95,0.0,0.0,0.087,0.0,3557303,2019
Beterraba,16.0,1758467.1,114620.47999999998,40117.15,0.0,0.0,0.681,0.0,39463724,2019
Brócolis,8.0,450719.83999999997,29113.2,10189.619999999999,0.0,0.0,0.506,0.0,33615679,2019
Café,2890.0,683761358.9100009,23783963.240000006,7621487.310000007,7574068.900000001,283.55,21.797,212.0,2015959642,2019
Cana-de-açúcar,2428.0,622908126.7400001,11661527.330000008,4081531.3800000018,2323291.1199999996,322.07000000000005,10.37699999999998,25.0,2067912274,2019
Canola,50.0,6935216.99,315647.97000000003,94538.62,146420.74,10.969999999999999,1.8480000000000008,4.0,171923166,2019
Caqui,333.0,33856776.550000004,5918075.009999998,2066503.5699999996,632341.01,11.11,16.336999999999986,8.0,352615952,2019
Cebola,1161.0,125620727.97000003,10509067.779999996,3675569.95,5663877.55,94.63,12.377000000000011,234.0,563459596,2019
Cenoura,17.0,6760059.5,183009.02000000002,64053.130000000005,0.0,0.0,0.5650000000000002,0.0,40514125,2019
Cevada,478.0,51040657.44,6222551.910000001,1868902.7099999995,10824797.940000001,189.4800000000001,19.219000000000015,304.0,652802149,2019
Chuchu,14.0,975350.0,55057.82000000001,19270.180000000004,0.0,0.0,0.29300000000000004,0.0,18444867,2019
Couve-flor,4.0,77105.0,4288.54,1500.98,0.0,0.0,0.241,0.0,16459899,2019
Feijão,712.0,194486732.07999995,7218389.599999997,2298179.7199999997,3847442.4299999992,348.14,15.117000000000004,86.0,1019266197,2019
Figo,3.0,52650.0,5659.6,1980.8600000000001,0.0,0.0,0.33399999999999996,0.0,11013719,2019
Floresta,262.0,344288336.1199999,4789391.2299999995,1346002.1900000002,646977.5899999999,68.81,2.222999999999998,7.0,475504767,2019
Girassol,1.0,247792.05,10568.87,3170.65,0.0,0.0,0.043,0.0,5103502,2019
Goiaba,8.0,1019877.5,193276.31,67646.7,0.0,0.0,1.126,0.0,21202826,2019
Kiwi,16.0,767407.35,73035.70999999999,25562.5,0.0,0.0,0.8559999999999999,0.0,38501562,2019
Laranja,44.0,6518874.78,251999.23,88199.62,0.0,0.0,1.4329999999999998,0.0,89090809,2019
Lichia,2.0,34800.0,586.0,205.1,0.0,0.0,0.017,0.0,3527306,2019
Limão,5.0,990077.8,20212.0,7074.200000000001,0.0,0.0,0.09899999999999999,0.0,14079111,2019
Mamão,1.0,340000.0,30600.0,10710.0,0.0,0.0,0.09,0.0,5001003,2019
Mandioca,62.0,7205738.25,251058.85,81547.48000000001,29542.5,14.71,1.4740000000000006,1.0,154969082,2019
Manga,2.0,187320.0,17848.0,6246.8,0.0,0.0,0.095,0.0,2611101,2019
Maracujá,19.0,653060.1,28193.48,9867.740000000002,0.0,0.0,0.631,0.0,43155298,2019
Maçã,1680.0,619390134.8299999,72296881.61999999,24799282.08,10943445.089999998,90.43,18.930999999999997,131.0,650993470,2019
Melancia,92.0,18000116.880000003,962653.5199999997,336928.79000000004,299195.46,10.83,2.806000000000002,5.0,165016856,2019
Melão,3.0,179256.0,15821.76,5537.62,0.0,0.0,0.182,0.0,8516381,2019
Milho 1ª safra,2043.0,385907552.6599999,23969544.37000002,8547114.869999994,8112880.129999999,372.80999999999995,63.44799999999998,154.0,3852276457,2019
Milho 2ª safra,19546.0,2587829531.140001,260603934.53999972,90993243.98000011,102341489.32999995,3132.7699999999995,374.2680000000026,2638.0,13991637210,2019
Morango,2.0,113500.0,7738.0,2708.3,0.0,0.0,0.138,0.0,7840311,2019
Nectarina,33.0,1478713.53,322159.5200000001,112303.04999999997,163048.5,9.92,4.082000000000001,5.0,90271385,2019
Pecuário,353.0,142027528.26,2811092.7699999986,983881.3200000002,135655.0,19.05,7.190999999999983,5.0,934745388,2019
Pepino,17.0,450960.65,34786.439999999995,12175.24,0.0,0.0,0.656,0.0,33768409,2019
Pimentão,113.0,8666922.49,634867.0899999999,222203.38999999998,217607.85,33.32000000000001,4.789000000000001,5.0,236332288,2019
Pêra,36.0,5162290.6899999995,687587.98,240655.76999999996,114821.68,6.41,2.715,3.0,89705157,2019
Pêssego,681.0,60504323.43,7183342.85,2512489.29,2096047.9700000002,53.15,14.892000000000019,80.0,472744302,2019
Repolho,19.0,763899.92,44463.049999999996,15562.05,28328.2,7.53,0.9269999999999998,1.0,57396644,2019
Soja,39453.0,11211799609.839993,594389708.96,209210732.0300002,83589911.10999992,3377.399999999997,379.9460000000025,1489.0,26610981741,2019
Sorgo,254.0,26847824.270000003,1901743.5,652779.1100000003,1306581.1400000001,89.4,7.677000000000003,13.0,432924262,2019
Tangerina,39.0,7312843.549999999,692065.6900000001,242222.96999999997,0.0,0.0,2.181,0.0,78462402,2019
Tomate,1900.0,391038825.71,27863894.940000024,9751584.730000006,8261438.87,235.18000000000004,22.951000000000025,126.0,1182728043,2019
Trigo,7877.0,843192653.8100007,94724335.90000004,31520920.36999998,69078678.98999994,2018.2799999999997,289.36100000000044,2338.0,8923896861,2019
Triticale,12.0,915168.4700000001,51820.53999999999,16906.84,3950.35,0.35,0.41900000000000004,1.0,29961041,2019
Uva,8940.0,811156857.6899997,63593032.79,22233267.430000003,13787787.349999998,249.79999999999993,45.35700000000003,990.0,2028054492,2019
Vagem,2.0,81150.0,2629.0,920.14,0.0,0.0,0.065,0.0,7025111,2019
